{
  "people": [
    {
      "id": "p001",
      "employeeId": "EMP-10234",
      "email": "akhil.adapala@paypal.com",
      "name": "Akhil Adapala",
      "roleType": "IC_ENGINEER",
      "level": "IC5",
      "title": "Sr Software Engineer",
      "teamId": "t001",
      "managerId": "p005",
      "startDate": "2022-08-15",
      "githubUsername": "aadapala-pp",
      "jiraUsername": "akhil.adapala",
      "avatarUrl": "/avatars/akhil.png",
      "isActive": true,
      "location": "San Jose, CA",
      "tenure": "3 years 4 months"
    },
    {
      "id": "p002",
      "employeeId": "EMP-10456",
      "email": "lokesh.tiwari@paypal.com",
      "name": "Lokesh Tiwari",
      "roleType": "IC_ENGINEER",
      "level": "IC4",
      "title": "Senior Software Engineer",
      "teamId": "t001",
      "managerId": "p005",
      "startDate": "2023-10-01",
      "githubUsername": "ltiwari-pp",
      "jiraUsername": "lokesh.tiwari",
      "avatarUrl": "/avatars/lokesh.png",
      "isActive": true,
      "location": "Austin, TX",
      "tenure": "1 year 2 months"
    },
    {
      "id": "p003",
      "employeeId": "EMP-08912",
      "email": "hrishikesh.shukla@paypal.com",
      "name": "Hrishikesh Anila Shukla",
      "roleType": "IC_ENGINEER",
      "level": "IC6",
      "title": "Principal Software Engineer",
      "teamId": "t001",
      "managerId": "p005",
      "startDate": "2019-11-20",
      "githubUsername": "hshukla-pp",
      "jiraUsername": "hrishikesh.shukla",
      "avatarUrl": "/avatars/hrishikesh.png",
      "isActive": true,
      "location": "San Jose, CA",
      "tenure": "5 years 1 month"
    },
    {
      "id": "p004",
      "employeeId": "EMP-11023",
      "email": "alex.rivera@paypal.com",
      "name": "Alex Rivera",
      "roleType": "IC_ENGINEER",
      "level": "IC3",
      "title": "Software Engineer",
      "teamId": "t001",
      "managerId": "p005",
      "startDate": "2024-04-08",
      "githubUsername": "arivera-pp",
      "jiraUsername": "alex.rivera",
      "avatarUrl": "/avatars/alex.png",
      "isActive": true,
      "location": "Seattle, WA",
      "tenure": "8 months",
      "isRamping": true
    },
    {
      "id": "p005",
      "employeeId": "EMP-07234",
      "email": "mike.johnson@paypal.com",
      "name": "Mike Johnson",
      "roleType": "ENGINEERING_MANAGER",
      "level": "M1",
      "title": "Engineering Manager",
      "teamId": "t001",
      "managerId": "p010",
      "startDate": "2018-03-12",
      "githubUsername": "mjohnson-pp",
      "jiraUsername": "mike.johnson",
      "avatarUrl": "/avatars/mike.png",
      "isActive": true,
      "location": "San Jose, CA",
      "tenure": "6 years 9 months"
    },
    {
      "id": "p006",
      "employeeId": "EMP-09567",
      "email": "lisa.wong@paypal.com",
      "name": "Lisa Wong",
      "roleType": "PRODUCT_MANAGER",
      "level": "PM3",
      "title": "Senior Product Manager",
      "teamId": "t001",
      "managerId": "p011",
      "startDate": "2021-01-18",
      "githubUsername": null,
      "jiraUsername": "lisa.wong",
      "avatarUrl": "/avatars/lisa.png",
      "isActive": true,
      "location": "San Jose, CA",
      "tenure": "3 years 11 months"
    },
    {
      "id": "p007",
      "employeeId": "EMP-10789",
      "email": "david.kim@paypal.com",
      "name": "David Kim",
      "roleType": "IC_ENGINEER",
      "level": "IC4",
      "title": "Senior Software Engineer",
      "teamId": "t002",
      "managerId": "p008",
      "startDate": "2022-02-28",
      "githubUsername": "dkim-pp",
      "jiraUsername": "david.kim",
      "avatarUrl": "/avatars/david.png",
      "isActive": true,
      "location": "New York, NY",
      "tenure": "2 years 10 months"
    },
    {
      "id": "p008",
      "employeeId": "EMP-06890",
      "email": "rachel.santos@paypal.com",
      "name": "Rachel Santos",
      "roleType": "ENGINEERING_MANAGER",
      "level": "M2",
      "title": "Senior Engineering Manager",
      "teamId": "t002",
      "managerId": "p010",
      "startDate": "2017-06-05",
      "githubUsername": "rsantos-pp",
      "jiraUsername": "rachel.santos",
      "avatarUrl": "/avatars/rachel.png",
      "isActive": true,
      "location": "San Jose, CA",
      "tenure": "7 years 6 months"
    },
    {
      "id": "p009",
      "employeeId": "EMP-10345",
      "email": "marcus.williams@paypal.com",
      "name": "Marcus Williams",
      "roleType": "PROGRAM_MANAGER",
      "level": "PGM2",
      "title": "Program Manager",
      "teamId": "t001",
      "managerId": "p011",
      "startDate": "2022-07-11",
      "githubUsername": null,
      "jiraUsername": "marcus.williams",
      "avatarUrl": "/avatars/marcus.png",
      "isActive": true,
      "location": "Chicago, IL",
      "tenure": "2 years 5 months"
    },
    {
      "id": "p010",
      "employeeId": "EMP-04123",
      "email": "jennifer.lee@paypal.com",
      "name": "Jennifer Lee",
      "roleType": "ENGINEERING_MANAGER",
      "level": "M3",
      "title": "Director of Engineering",
      "teamId": "t003",
      "managerId": null,
      "startDate": "2015-09-01",
      "githubUsername": "jlee-pp",
      "jiraUsername": "jennifer.lee",
      "avatarUrl": "/avatars/jennifer.png",
      "isActive": true,
      "location": "San Jose, CA",
      "tenure": "9 years 3 months"
    },
    {
      "id": "p011",
      "employeeId": "EMP-05678",
      "email": "tom.anderson@paypal.com",
      "name": "Tom Anderson",
      "roleType": "PRODUCT_MANAGER",
      "level": "PM4",
      "title": "Principal Product Manager",
      "teamId": "t003",
      "managerId": null,
      "startDate": "2016-04-15",
      "githubUsername": null,
      "jiraUsername": "tom.anderson",
      "avatarUrl": "/avatars/tom.png",
      "isActive": true,
      "location": "San Jose, CA",
      "tenure": "8 years 8 months"
    }
  ]
}
