{
  "scores": [
    {
      "id": "sc001",
      "personId": "p001",
      "roleType": "IC_ENGINEER",
      "period": "Q4-2024",
      "periodStart": "2024-10-01",
      "periodEnd": "2024-12-31",
      "algorithmVersion": "2.3.1",
      "computedAt": "2024-12-08T10:30:00Z",
      "overallConfidence": 0.91,
      "dimensions": {
        "technicalImpact": {
          "score": 87,
          "percentile": 94,
          "confidence": 0.94,
          "trend": "up",
          "trendDelta": 12,
          "metrics": {
            "meaningfulPRs": { "value": 178, "peerMedian": 98, "score": 94, "weight": 0.25 },
            "complexityHandled": { "value": "VERY_HIGH", "peerMedian": "MEDIUM", "score": 90, "weight": 0.20 },
            "defectRate": { "value": 1.8, "peerMedian": 4.3, "score": 85, "weight": 0.15 },
            "complexityReduction": { "value": 18, "peerMedian": -2, "score": 96, "weight": 0.15 },
            "highRiskWork": { "value": 88, "peerMedian": 62, "score": 85, "weight": 0.15 },
            "testCoverageImpact": { "value": 12, "peerMedian": 3, "score": 82, "weight": 0.10 }
          }
        },
        "reliabilityCraft": {
          "score": 84,
          "percentile": 89,
          "confidence": 0.89,
          "trend": "up",
          "trendDelta": 6,
          "metrics": {
            "postDeployStability": { "value": 0.3, "peerMedian": 1.2, "score": 88, "weight": 0.30 },
            "changeFailureRate": { "value": 2.5, "peerMedian": 5.1, "score": 82, "weight": 0.25 },
            "observabilityHygiene": { "value": 90, "peerMedian": 70, "score": 85, "weight": 0.15 },
            "incidentContribution": { "value": 20, "peerMedian": 35, "score": 82, "weight": 0.15 },
            "reviewQualityGiven": { "value": 4.5, "peerMedian": 3.1, "score": 90, "weight": 0.15 }
          }
        },
        "velocityConsistency": {
          "score": 79,
          "percentile": 78,
          "confidence": 0.92,
          "trend": "up",
          "trendDelta": 5,
          "metrics": {
            "sustainableThroughput": { "value": 48, "peerMedian": 38, "score": 82, "weight": 0.30 },
            "cycleTime": { "value": 2.8, "peerMedian": 4.1, "score": 85, "weight": 0.25 },
            "prReviewResponsiveness": { "value": 3.5, "peerMedian": 8.2, "score": 88, "weight": 0.20 },
            "predictability": { "value": 0.15, "peerMedian": 0.25, "score": 72, "weight": 0.15 },
            "workDistribution": { "value": 0.78, "peerMedian": 0.65, "score": 75, "weight": 0.10 }
          }
        },
        "collaborationInfluence": {
          "score": 76,
          "percentile": 72,
          "confidence": 0.87,
          "trend": "up",
          "trendDelta": 8,
          "metrics": {
            "crossTeamPRs": { "value": 18, "peerMedian": 18, "score": 70, "weight": 0.25 },
            "reviewNetworkBreadth": { "value": 18, "peerMedian": 15, "score": 78, "weight": 0.20 },
            "unblockingOthers": { "value": 20, "peerMedian": 12, "score": 82, "weight": 0.20 },
            "mentoringSignals": { "value": 12, "peerMedian": 5, "score": 85, "weight": 0.20 },
            "documentationContribution": { "value": 10, "peerMedian": 8, "score": 72, "weight": 0.15 }
          }
        }
      },
      "summary": "Akhil has demonstrated exceptional technical leadership this quarter, driving significant complexity reduction in the payment-auth service (a Tier-0 critical system). His architectural decisions have improved system reliability by 15%. His code reviews are thorough and educational—he's become a go-to technical mentor for the team. Strong growth in cross-team collaboration this quarter.",
      "dataPointCount": 947,
      "sourceCount": 4
    },
    {
      "id": "sc002",
      "personId": "p002",
      "roleType": "IC_ENGINEER",
      "period": "Q4-2024",
      "periodStart": "2024-10-01",
      "periodEnd": "2024-12-31",
      "algorithmVersion": "2.3.1",
      "computedAt": "2024-12-08T10:30:00Z",
      "overallConfidence": 0.88,
      "dimensions": {
        "technicalImpact": {
          "score": 76,
          "percentile": 75,
          "confidence": 0.88,
          "trend": "up",
          "trendDelta": 10,
          "metrics": {
            "meaningfulPRs": { "value": 95, "peerMedian": 72, "score": 78, "weight": 0.25 },
            "complexityHandled": { "value": "HIGH", "peerMedian": "MEDIUM", "score": 75, "weight": 0.20 },
            "defectRate": { "value": 2.8, "peerMedian": 5.2, "score": 80, "weight": 0.15 },
            "complexityReduction": { "value": 8, "peerMedian": 2, "score": 78, "weight": 0.15 },
            "highRiskWork": { "value": 55, "peerMedian": 50, "score": 72, "weight": 0.15 },
            "testCoverageImpact": { "value": 15, "peerMedian": 8, "score": 82, "weight": 0.10 }
          }
        },
        "reliabilityCraft": {
          "score": 78,
          "percentile": 76,
          "confidence": 0.85,
          "trend": "up",
          "trendDelta": 8,
          "metrics": {
            "postDeployStability": { "value": 0.8, "peerMedian": 1.5, "score": 80, "weight": 0.30 },
            "changeFailureRate": { "value": 3.8, "peerMedian": 6.0, "score": 78, "weight": 0.25 },
            "observabilityHygiene": { "value": 78, "peerMedian": 68, "score": 78, "weight": 0.15 },
            "incidentContribution": { "value": 25, "peerMedian": 32, "score": 76, "weight": 0.15 },
            "reviewQualityGiven": { "value": 3.8, "peerMedian": 3.2, "score": 78, "weight": 0.15 }
          }
        },
        "velocityConsistency": {
          "score": 74,
          "percentile": 70,
          "confidence": 0.90,
          "trend": "stable",
          "trendDelta": 4,
          "metrics": {
            "sustainableThroughput": { "value": 40, "peerMedian": 32, "score": 78, "weight": 0.30 },
            "cycleTime": { "value": 3.8, "peerMedian": 5.0, "score": 75, "weight": 0.25 },
            "prReviewResponsiveness": { "value": 5.0, "peerMedian": 7.5, "score": 78, "weight": 0.20 },
            "predictability": { "value": 0.20, "peerMedian": 0.28, "score": 72, "weight": 0.15 },
            "workDistribution": { "value": 0.72, "peerMedian": 0.62, "score": 72, "weight": 0.10 }
          }
        },
        "collaborationInfluence": {
          "score": 72,
          "percentile": 68,
          "confidence": 0.82,
          "trend": "up",
          "trendDelta": 6,
          "metrics": {
            "crossTeamPRs": { "value": 15, "peerMedian": 14, "score": 68, "weight": 0.25 },
            "reviewNetworkBreadth": { "value": 14, "peerMedian": 12, "score": 72, "weight": 0.20 },
            "unblockingOthers": { "value": 12, "peerMedian": 10, "score": 75, "weight": 0.20 },
            "mentoringSignals": { "value": 6, "peerMedian": 4, "score": 78, "weight": 0.20 },
            "documentationContribution": { "value": 14, "peerMedian": 7, "score": 82, "weight": 0.15 }
          }
        }
      },
      "summary": "Lokesh is excelling in his role with impressive growth across all dimensions. He's quickly becoming a technical leader with strong documentation practices and excellent code quality. His contributions to test coverage and reliability have been particularly valuable. Recommended for senior-level responsibilities and cross-team project leadership.",
      "dataPointCount": 623,
      "sourceCount": 4
    },
    {
      "id": "sc003",
      "personId": "p003",
      "roleType": "IC_ENGINEER",
      "period": "Q4-2024",
      "periodStart": "2024-10-01",
      "periodEnd": "2024-12-31",
      "algorithmVersion": "2.3.1",
      "computedAt": "2024-12-08T10:30:00Z",
      "overallConfidence": 0.95,
      "dimensions": {
        "technicalImpact": {
          "score": 94,
          "percentile": 98,
          "confidence": 0.97,
          "trend": "up",
          "trendDelta": 3,
          "metrics": {
            "meaningfulPRs": { "value": 156, "peerMedian": 85, "score": 95, "weight": 0.25 },
            "complexityHandled": { "value": "VERY_HIGH", "peerMedian": "HIGH", "score": 96, "weight": 0.20 },
            "defectRate": { "value": 0.8, "peerMedian": 3.5, "score": 95, "weight": 0.15 },
            "complexityReduction": { "value": 28, "peerMedian": 5, "score": 98, "weight": 0.15 },
            "highRiskWork": { "value": 95, "peerMedian": 70, "score": 92, "weight": 0.15 },
            "testCoverageImpact": { "value": 18, "peerMedian": 5, "score": 90, "weight": 0.10 }
          }
        },
        "reliabilityCraft": {
          "score": 95,
          "percentile": 98,
          "confidence": 0.96,
          "trend": "stable",
          "trendDelta": 2,
          "metrics": {
            "postDeployStability": { "value": 0.1, "peerMedian": 1.0, "score": 98, "weight": 0.30 },
            "changeFailureRate": { "value": 1.0, "peerMedian": 4.0, "score": 95, "weight": 0.25 },
            "observabilityHygiene": { "value": 98, "peerMedian": 75, "score": 96, "weight": 0.15 },
            "incidentContribution": { "value": 8, "peerMedian": 30, "score": 95, "weight": 0.15 },
            "reviewQualityGiven": { "value": 4.9, "peerMedian": 3.5, "score": 95, "weight": 0.15 }
          }
        },
        "velocityConsistency": {
          "score": 82,
          "percentile": 80,
          "confidence": 0.93,
          "trend": "stable",
          "trendDelta": 1,
          "metrics": {
            "sustainableThroughput": { "value": 42, "peerMedian": 35, "score": 78, "weight": 0.30 },
            "cycleTime": { "value": 3.5, "peerMedian": 3.8, "score": 78, "weight": 0.25 },
            "prReviewResponsiveness": { "value": 2.5, "peerMedian": 6.0, "score": 92, "weight": 0.20 },
            "predictability": { "value": 0.12, "peerMedian": 0.20, "score": 82, "weight": 0.15 },
            "workDistribution": { "value": 0.82, "peerMedian": 0.70, "score": 80, "weight": 0.10 }
          }
        },
        "collaborationInfluence": {
          "score": 92,
          "percentile": 97,
          "confidence": 0.95,
          "trend": "up",
          "trendDelta": 4,
          "metrics": {
            "crossTeamPRs": { "value": 38, "peerMedian": 15, "score": 95, "weight": 0.25 },
            "reviewNetworkBreadth": { "value": 32, "peerMedian": 14, "score": 94, "weight": 0.20 },
            "unblockingOthers": { "value": 30, "peerMedian": 12, "score": 92, "weight": 0.20 },
            "mentoringSignals": { "value": 22, "peerMedian": 8, "score": 95, "weight": 0.20 },
            "documentationContribution": { "value": 18, "peerMedian": 8, "score": 88, "weight": 0.15 }
          }
        }
      },
      "summary": "Hrishikesh is the technical anchor for the entire Payments Platform organization. His exceptional reliability scores and architectural leadership make him invaluable for critical systems. He's the primary technical mentor, with outstanding signals of helping engineers across multiple teams grow. His strategic thinking and system design expertise are critical assets for complex initiatives.",
      "dataPointCount": 1445,
      "sourceCount": 4
    },
    {
      "id": "sc004",
      "personId": "p004",
      "roleType": "IC_ENGINEER",
      "period": "Q4-2024",
      "periodStart": "2024-10-01",
      "periodEnd": "2024-12-31",
      "algorithmVersion": "2.3.1",
      "computedAt": "2024-12-08T10:30:00Z",
      "overallConfidence": 0.52,
      "isRamping": true,
      "dimensions": {
        "technicalImpact": {
          "score": 55,
          "percentile": 35,
          "confidence": 0.48,
          "trend": "up",
          "trendDelta": 15,
          "metrics": {
            "meaningfulPRs": { "value": 28, "peerMedian": 45, "score": 52, "weight": 0.25 },
            "complexityHandled": { "value": "LOW", "peerMedian": "MEDIUM", "score": 45, "weight": 0.20 },
            "defectRate": { "value": 5.5, "peerMedian": 6.0, "score": 58, "weight": 0.15 },
            "complexityReduction": { "value": 2, "peerMedian": 3, "score": 55, "weight": 0.15 },
            "highRiskWork": { "value": 25, "peerMedian": 40, "score": 50, "weight": 0.15 },
            "testCoverageImpact": { "value": 18, "peerMedian": 10, "score": 78, "weight": 0.10 }
          }
        },
        "reliabilityCraft": {
          "score": 58,
          "percentile": 42,
          "confidence": 0.45,
          "trend": "up",
          "trendDelta": 10,
          "metrics": {
            "postDeployStability": { "value": 2.0, "peerMedian": 1.8, "score": 55, "weight": 0.30 },
            "changeFailureRate": { "value": 8.0, "peerMedian": 7.0, "score": 52, "weight": 0.25 },
            "observabilityHygiene": { "value": 65, "peerMedian": 68, "score": 60, "weight": 0.15 },
            "incidentContribution": { "value": 45, "peerMedian": 38, "score": 58, "weight": 0.15 },
            "reviewQualityGiven": { "value": 2.8, "peerMedian": 3.0, "score": 62, "weight": 0.15 }
          }
        },
        "velocityConsistency": {
          "score": 62,
          "percentile": 52,
          "confidence": 0.55,
          "trend": "up",
          "trendDelta": 8,
          "metrics": {
            "sustainableThroughput": { "value": 22, "peerMedian": 25, "score": 60, "weight": 0.30 },
            "cycleTime": { "value": 5.5, "peerMedian": 5.2, "score": 58, "weight": 0.25 },
            "prReviewResponsiveness": { "value": 8.0, "peerMedian": 7.0, "score": 62, "weight": 0.20 },
            "predictability": { "value": 0.30, "peerMedian": 0.28, "score": 65, "weight": 0.15 },
            "workDistribution": { "value": 0.55, "peerMedian": 0.60, "score": 68, "weight": 0.10 }
          }
        },
        "collaborationInfluence": {
          "score": 52,
          "percentile": 38,
          "confidence": 0.50,
          "trend": "up",
          "trendDelta": 5,
          "metrics": {
            "crossTeamPRs": { "value": 2, "peerMedian": 8, "score": 42, "weight": 0.25 },
            "reviewNetworkBreadth": { "value": 5, "peerMedian": 10, "score": 48, "weight": 0.20 },
            "unblockingOthers": { "value": 3, "peerMedian": 8, "score": 50, "weight": 0.20 },
            "mentoringSignals": { "value": 0, "peerMedian": 2, "score": 45, "weight": 0.20 },
            "documentationContribution": { "value": 12, "peerMedian": 6, "score": 82, "weight": 0.15 }
          }
        }
      },
      "summary": "Alex is in his ramp-up period (8 months tenure). Scores should be viewed as directional only—data confidence is limited. Early indicators are positive: strong test coverage discipline and good documentation habits. He's showing healthy week-over-week improvement in all dimensions. Focus should be on continued learning and gradually taking on more complex work with mentor support.",
      "dataPointCount": 187,
      "sourceCount": 3
    },
    {
      "id": "sc005",
      "personId": "p005",
      "roleType": "ENGINEERING_MANAGER",
      "period": "Q4-2024",
      "periodStart": "2024-10-01",
      "periodEnd": "2024-12-31",
      "algorithmVersion": "2.3.1",
      "computedAt": "2024-12-08T10:30:00Z",
      "overallConfidence": 0.88,
      "dimensions": {
        "teamHealthRetention": {
          "score": 78,
          "percentile": 75,
          "confidence": 0.85,
          "trend": "down",
          "trendDelta": -6,
          "metrics": {
            "attritionRate": { "value": 0, "peerMedian": 8, "score": 95, "weight": 0.30 },
            "internalTransferRate": { "value": 0, "peerMedian": 5, "score": 85, "weight": 0.15 },
            "engagementSurveyTrends": { "value": 72, "peerMedian": 75, "score": 68, "weight": 0.25 },
            "oneOnOneRegularity": { "value": 95, "peerMedian": 85, "score": 88, "weight": 0.15 },
            "teamTenureDistribution": { "value": 0.72, "peerMedian": 0.68, "score": 75, "weight": 0.15 }
          }
        },
        "deliveryReliability": {
          "score": 85,
          "percentile": 88,
          "confidence": 0.92,
          "trend": "stable",
          "trendDelta": 1,
          "metrics": {
            "commitmentAccuracy": { "value": 94, "peerMedian": 82, "score": 90, "weight": 0.35 },
            "roadmapMilestoneHitRate": { "value": 88, "peerMedian": 78, "score": 85, "weight": 0.30 },
            "scopeCreepManagement": { "value": 12, "peerMedian": 18, "score": 80, "weight": 0.20 },
            "dependencyManagement": { "value": 85, "peerMedian": 75, "score": 82, "weight": 0.15 }
          }
        },
        "operationalExcellence": {
          "score": 88,
          "percentile": 90,
          "confidence": 0.90,
          "trend": "stable",
          "trendDelta": 2,
          "metrics": {
            "teamServicesSloAdherence": { "value": 99.91, "peerMedian": 99.5, "score": 92, "weight": 0.35 },
            "incidentMttr": { "value": 27, "peerMedian": 42, "score": 88, "weight": 0.25 },
            "postMortemQuality": { "value": 85, "peerMedian": 72, "score": 85, "weight": 0.20 },
            "onCallHealth": { "value": 2.1, "peerMedian": 3.5, "score": 82, "weight": 0.20 }
          }
        },
        "talentGrowthDelegation": {
          "score": 82,
          "percentile": 82,
          "confidence": 0.85,
          "trend": "up",
          "trendDelta": 4,
          "metrics": {
            "promotionRate": { "value": 25, "peerMedian": 18, "score": 85, "weight": 0.25 },
            "workComplexityDistribution": { "value": 0.75, "peerMedian": 0.65, "score": 82, "weight": 0.30 },
            "singlePointOfFailureRisk": { "value": 2.3, "peerMedian": 3.5, "score": 78, "weight": 0.20 },
            "feedbackThemes": { "value": 4.2, "peerMedian": 3.8, "score": 80, "weight": 0.25 }
          }
        }
      },
      "summary": "Mike leads a high-performing team with excellent delivery reliability and operational excellence. The team's SLO adherence is among the best in the org. Area of attention: team engagement survey score dropped 6 points this quarter—worth investigating workload or other factors in 1:1s. His investment in talent development is paying off with good complexity distribution and a recent promotion.",
      "dataPointCount": 456,
      "sourceCount": 5
    },
    {
      "id": "sc006",
      "personId": "p006",
      "roleType": "PRODUCT_MANAGER",
      "period": "Q4-2024",
      "periodStart": "2024-10-01",
      "periodEnd": "2024-12-31",
      "algorithmVersion": "2.3.1",
      "computedAt": "2024-12-08T10:30:00Z",
      "overallConfidence": 0.82,
      "dimensions": {
        "businessProductOutcomes": {
          "score": 79,
          "percentile": 78,
          "confidence": 0.85,
          "trend": "up",
          "trendDelta": 5,
          "metrics": {
            "featureAdoption": { "value": 68, "peerMedian": 55, "score": 82, "weight": 0.30 },
            "revenueImpact": { "value": 2.3, "peerMedian": 1.8, "score": 78, "weight": 0.25 },
            "usageRetention": { "value": 72, "peerMedian": 68, "score": 75, "weight": 0.20 },
            "experimentWinRate": { "value": 42, "peerMedian": 35, "score": 80, "weight": 0.15 },
            "customerFeedbackScore": { "value": 78, "peerMedian": 72, "score": 78, "weight": 0.10 }
          }
        },
        "executionCoordination": {
          "score": 84,
          "percentile": 85,
          "confidence": 0.88,
          "trend": "stable",
          "trendDelta": 1,
          "metrics": {
            "milestoneDelivery": { "value": 88, "peerMedian": 78, "score": 85, "weight": 0.35 },
            "crossTeamCoordination": { "value": 4.2, "peerMedian": 3.5, "score": 82, "weight": 0.25 },
            "planningQuality": { "value": 8, "peerMedian": 12, "score": 85, "weight": 0.20 },
            "stakeholderAlignment": { "value": 82, "peerMedian": 75, "score": 82, "weight": 0.20 }
          }
        },
        "customerStakeholderSatisfaction": {
          "score": 76,
          "percentile": 72,
          "confidence": 0.78,
          "trend": "stable",
          "trendDelta": 0,
          "metrics": {
            "customerEscalationRate": { "value": 3.2, "peerMedian": 4.5, "score": 78, "weight": 0.30 },
            "stakeholderSurveyScores": { "value": 75, "peerMedian": 72, "score": 75, "weight": 0.30 },
            "userResearchIntegration": { "value": 72, "peerMedian": 65, "score": 78, "weight": 0.20 },
            "feedbackLoopClosure": { "value": 68, "peerMedian": 62, "score": 72, "weight": 0.20 }
          }
        },
        "documentationClarity": {
          "score": 82,
          "percentile": 80,
          "confidence": 0.85,
          "trend": "up",
          "trendDelta": 3,
          "metrics": {
            "prdQualityScore": { "value": 85, "peerMedian": 75, "score": 85, "weight": 0.35 },
            "specRevisionRate": { "value": 2.1, "peerMedian": 3.5, "score": 82, "weight": 0.25 },
            "documentationCoverage": { "value": 88, "peerMedian": 78, "score": 82, "weight": 0.20 },
            "engineeringSatisfaction": { "value": 78, "peerMedian": 72, "score": 78, "weight": 0.20 }
          }
        }
      },
      "summary": "Lisa demonstrates strong product execution with excellent planning quality and milestone delivery. Her PRDs are well-structured with low revision rates, indicating clear thinking upfront. The payment auth improvements she drove this quarter show solid adoption metrics. Growth area: continue building customer interview frequency to strengthen the voice-of-customer in roadmap decisions.",
      "dataPointCount": 312,
      "sourceCount": 4
    }
  ],
  "historicalTrends": {
    "p001": [
      { "period": "Q1-2024", "technicalImpact": 75, "reliabilityCraft": 76, "velocityConsistency": 74, "collaborationInfluence": 68 },
      { "period": "Q2-2024", "technicalImpact": 79, "reliabilityCraft": 78, "velocityConsistency": 75, "collaborationInfluence": 70 },
      { "period": "Q3-2024", "technicalImpact": 83, "reliabilityCraft": 80, "velocityConsistency": 77, "collaborationInfluence": 72 },
      { "period": "Q4-2024", "technicalImpact": 87, "reliabilityCraft": 84, "velocityConsistency": 79, "collaborationInfluence": 76 }
    ],
    "p003": [
      { "period": "Q1-2024", "technicalImpact": 90, "reliabilityCraft": 92, "velocityConsistency": 80, "collaborationInfluence": 88 },
      { "period": "Q2-2024", "technicalImpact": 91, "reliabilityCraft": 93, "velocityConsistency": 81, "collaborationInfluence": 89 },
      { "period": "Q3-2024", "technicalImpact": 92, "reliabilityCraft": 94, "velocityConsistency": 81, "collaborationInfluence": 90 },
      { "period": "Q4-2024", "technicalImpact": 94, "reliabilityCraft": 95, "velocityConsistency": 82, "collaborationInfluence": 92 }
    ],
    "p005": [
      { "period": "Q1-2024", "teamHealthRetention": 82, "deliveryReliability": 83, "operationalExcellence": 85, "talentGrowthDelegation": 78 },
      { "period": "Q2-2024", "teamHealthRetention": 84, "deliveryReliability": 84, "operationalExcellence": 86, "talentGrowthDelegation": 79 },
      { "period": "Q3-2024", "teamHealthRetention": 84, "deliveryReliability": 84, "operationalExcellence": 86, "talentGrowthDelegation": 78 },
      { "period": "Q4-2024", "teamHealthRetention": 78, "deliveryReliability": 85, "operationalExcellence": 88, "talentGrowthDelegation": 82 }
    ]
  }
}
