{
  "services": [
    {
      "id": "s001",
      "name": "payment-auth",
      "description": "Authentication service for all payment flows",
      "tier": "TIER_0",
      "owningTeamId": "t001",
      "repoIds": ["r001", "r002"],
      "criticalityScore": 94,
      "complexityScore": 78,
      "dependencyCount": 47,
      "isSecuritySensitive": true,
      "monthlyTrafficMillions": 2300,
      "currentSloAdherence": 99.94,
      "targetSlo": 99.9,
      "errorRate": 0.02,
      "latencyP99Ms": 145,
      "lastIncidentDate": "2024-11-25",
      "lastIncidentSeverity": "SEV-2",
      "lastIncidentMttrMinutes": 23
    },
    {
      "id": "s002",
      "name": "payment-processor",
      "description": "Core payment processing engine",
      "tier": "TIER_0",
      "owningTeamId": "t001",
      "repoIds": ["r003"],
      "criticalityScore": 98,
      "complexityScore": 85,
      "dependencyCount": 62,
      "isSecuritySensitive": true,
      "monthlyTrafficMillions": 1850,
      "currentSloAdherence": 99.97,
      "targetSlo": 99.95,
      "errorRate": 0.01,
      "latencyP99Ms": 210,
      "lastIncidentDate": "2024-10-12",
      "lastIncidentSeverity": "SEV-3",
      "lastIncidentMttrMinutes": 15
    },
    {
      "id": "s003",
      "name": "fraud-gateway",
      "description": "Gateway service for fraud detection integration",
      "tier": "TIER_1",
      "owningTeamId": "t001",
      "repoIds": ["r004"],
      "criticalityScore": 82,
      "complexityScore": 65,
      "dependencyCount": 28,
      "isSecuritySensitive": true,
      "monthlyTrafficMillions": 890,
      "currentSloAdherence": 99.89,
      "targetSlo": 99.8,
      "errorRate": 0.05,
      "latencyP99Ms": 320,
      "lastIncidentDate": "2024-09-30",
      "lastIncidentSeverity": "SEV-2",
      "lastIncidentMttrMinutes": 45
    },
    {
      "id": "s004",
      "name": "fraud-ml-engine",
      "description": "Machine learning inference engine for fraud detection",
      "tier": "TIER_1",
      "owningTeamId": "t002",
      "repoIds": ["r005", "r006"],
      "criticalityScore": 88,
      "complexityScore": 92,
      "dependencyCount": 15,
      "isSecuritySensitive": true,
      "monthlyTrafficMillions": 450,
      "currentSloAdherence": 99.75,
      "targetSlo": 99.5,
      "errorRate": 0.08,
      "latencyP99Ms": 450,
      "lastIncidentDate": "2024-11-18",
      "lastIncidentSeverity": "SEV-3",
      "lastIncidentMttrMinutes": 32
    },
    {
      "id": "s005",
      "name": "fraud-rules-service",
      "description": "Rules engine for configurable fraud policies",
      "tier": "TIER_2",
      "owningTeamId": "t002",
      "repoIds": ["r007"],
      "criticalityScore": 65,
      "complexityScore": 45,
      "dependencyCount": 8,
      "isSecuritySensitive": false,
      "monthlyTrafficMillions": 120,
      "currentSloAdherence": 99.92,
      "targetSlo": 99.5,
      "errorRate": 0.03,
      "latencyP99Ms": 180,
      "lastIncidentDate": "2024-08-05",
      "lastIncidentSeverity": "SEV-4",
      "lastIncidentMttrMinutes": 18
    }
  ]
}

